,v,UC_mean,UC_cov,EWS_mean,TWS_mean
0,0,0.5,0.5,0.5817672672240408,0.4570621353954688
1,1,0.5,1.0,0.5786674026844767,0.4625995455162123
2,2,1.0,0.5,0.5498541501869667,0.362271740605074
3,3,1.0,1.0,0.5500489431171849,0.3617036358703026
